<?xml version="1.0" encoding="UTF-8"?>
<zabbix_export>
    <version>3.0</version>
    <date>2016-09-27T11:19:50Z</date>
    <value_maps>
        <value_map>
            <name>Nobreak-AlarmBatterryLow</name>
            <mappings>
                <mapping>
                    <value>0</value>
                    <newvalue>Bateria OK</newvalue>
                </mapping>
                <mapping>
                    <value>1</value>
                    <newvalue>Verificar Bateria</newvalue>
                </mapping>
            </mappings>
        </value_map>
        <value_map>
            <name>Nobreak-BatterryCharge</name>
            <mappings>
                <mapping>
                    <value>0</value>
                    <newvalue>corrente</newvalue>
                </mapping>
                <mapping>
                    <value>1</value>
                    <newvalue>carregando</newvalue>
                </mapping>
                <mapping>
                    <value>2</value>
                    <newvalue>em repouso</newvalue>
                </mapping>
                <mapping>
                    <value>3</value>
                    <newvalue>descarregando</newvalue>
                </mapping>
            </mappings>
        </value_map>
        <value_map>
            <name>Nobreak-BatterryStatus</name>
            <mappings>
                <mapping>
                    <value>0</value>
                    <newvalue>ok</newvalue>
                </mapping>
                <mapping>
                    <value>1</value>
                    <newvalue>fraca</newvalue>
                </mapping>
                <mapping>
                    <value>2</value>
                    <newvalue>esgotando</newvalue>
                </mapping>
            </mappings>
        </value_map>
        <value_map>
            <name>Nobreak-RFC-BatterryStatus</name>
            <mappings>
                <mapping>
                    <value>1</value>
                    <newvalue>desconhecido</newvalue>
                </mapping>
                <mapping>
                    <value>2</value>
                    <newvalue>normal</newvalue>
                </mapping>
                <mapping>
                    <value>3</value>
                    <newvalue>bateria fraca</newvalue>
                </mapping>
                <mapping>
                    <value>4</value>
                    <newvalue>esgotando</newvalue>
                </mapping>
            </mappings>
        </value_map>
    </value_maps>
</zabbix_export>
